timestamp,event_type,strategy_name,candle_open_time,candle_close_time,candle_open,candle_high,candle_low,candle_close,candle_mid_price,reference_price,order_id,trade_type,created_price,created_size,position_id,entry_price,close_price,closing_reason,pnl_quote,pnl_percent,fill_price,amount_filled
1710115200,CREATE,main,,,68953.90000000,68953.90000000,68873.80000000,68888.00000000,68913.85000000,68888.00000000,sell_0,SELL,68956.88800000,0.003625453631260157795908670189,,,,,,,,
1710117180,CLOSE,main,,,,,,,,,sell_0,SELL,,,EZG8h5A66wtPRdVWrGwyJfxCiezJEapimYjqism6r4pT,,68539.00000000,CloseType.EARLY_STOP,0,0,,
1710115200,CREATE,main,,,68953.90000000,68953.90000000,68873.80000000,68888.00000000,68913.85000000,68888.00000000,buy_0,SELL,68819.11200000,0.003632711796688106059915585365,,,,,,,,
1710115200,FILL,main,,,,,,,,,buy_0,SELL,,,5gQrLm8QU7PA12nJH27YpAMnSRyhDwUPynygRZ4DQ18F,,,,,,68819.11200000,499.94614868032584809043328277766704559326171875
1710117900,CLOSE,main,,,,,,,,,buy_0,SELL,,,5gQrLm8QU7PA12nJH27YpAMnSRyhDwUPynygRZ4DQ18F,,68318.30000000,CloseType.TIME_LIMIT,-2.0423530748260301237451130873523652553558349609375,-0.0081702922613449135980090431985445320606231689453125,,
1710117360,CREATE,main,,,68539.00000000,68545.40000000,68470.00000000,68472.10000000,68507.70000000,68472.10000000,sell_0,SELL,68540.57210000,0.003647474661216024176466906155,,,,,,,,
1710119340,CLOSE,main,,,,,,,,,sell_0,SELL,,,2BFhQqsCPnrKxdxgY2X5CYyUFGojhSnbzv1H7rn7qG7K,,68292.00000000,CloseType.EARLY_STOP,0,0,,
1710117900,CREATE,main,,,68218.10000000,68400.00000000,68207.00000000,68318.30000000,68303.50000000,68318.30000000,buy_0,SELL,68249.98170000,0.003663004645171941333357507858,,,,,,,,
1710117900,FILL,main,,,,,,,,,buy_0,SELL,,,2y8PJBktseHnuZK6UZKSzjw2EtvFyhs3MiWktnifQRZF,,,,,,68249.98170000,497.7327341906085393929970450699329376220703125
1710120600,CLOSE,main,,,,,,,,,buy_0,SELL,,,2y8PJBktseHnuZK6UZKSzjw2EtvFyhs3MiWktnifQRZF,,67926.20000000,CloseType.TIME_LIMIT,-0.3012473335212806357930048761772923171520233154296875,-0.001210478286147508540648853880838942131958901882171630859375,,
1710119520,CREATE,main,,,68292.00000000,68312.90000000,68148.00000000,68180.10000000,68230.45000000,68180.10000000,sell_0,SELL,68248.28010000,0.003663095973022182849871614194,,,,,,,,
1710121500,CLOSE,main,,,,,,,,,sell_0,SELL,,,CpqdLXVSbhBiHBLnTd7EsM1M22uWMF3mRKuPVWq1UUjF,,67901.20000000,CloseType.EARLY_STOP,0,0,,
1710120600,CREATE,main,,,68002.80000000,68070.70000000,67918.00000000,67926.20000000,67994.35000000,67926.20000000,buy_0,SELL,67858.27380000,0.003684149124347457401970815295,,,,,,,,
1710120600,FILL,main,,,,,,,,,buy_0,SELL,,,4TzDUTjhQE2U5JREWsDXmrjPAMxdJyYMFedobjw9Srsi,,,,,,67858.27380000,499.6008312843349585818941704928874969482421875
1710123300,CLOSE,main,,,,,,,,,buy_0,SELL,,,4TzDUTjhQE2U5JREWsDXmrjPAMxdJyYMFedobjw9Srsi,,68403.90000000,CloseType.TIME_LIMIT,1.95995222914144573422845496679656207561492919921875,0.00784607273011517225569377842475660145282745361328125,,
1710121680,CREATE,main,,,67901.20000000,68207.00000000,67875.30000000,68142.60000000,68041.15000000,68142.60000000,sell_0,SELL,68210.74260000,0.003665111835331345280497042671,,,,,,,,
1710121680,FILL,main,,,,,,,,,sell_0,SELL,,,3AGon63YRuUdqP2D443BMdB1QAE6JTxGsThpNxHsWoT3,,,,,,68210.74260000,500.59563491689647207749658264219760894775390625
1710124380,CLOSE,main,,,,,,,,,sell_0,SELL,,,3AGon63YRuUdqP2D443BMdB1QAE6JTxGsThpNxHsWoT3,,68487.80000000,CloseType.TIME_LIMIT,-0.967926714816309985423004036420024931430816650390625,-0.003867100099572361691924182736102011404000222682952880859375,,
1710123300,CREATE,main,,,68496.00000000,68499.80000000,68343.00000000,68403.90000000,68421.40000000,68403.90000000,buy_0,SELL,68335.49610000,0.003658420795455380052164811637,,,,,,,,
1710125280,CLOSE,main,,,,,,,,,buy_0,SELL,,,m4ihnX58QSj4FcFS8LCnA5wMjgyuaQAfDeJaR6NS6Uh,,68433.80000000,CloseType.EARLY_STOP,0,0,,
1710124380,CREATE,main,,,68457.80000000,68489.70000000,68454.20000000,68487.80000000,68471.95000000,68487.80000000,sell_0,SELL,68556.28780000,0.003646638521754965696539260198,,,,,,,,
1710126360,CLOSE,main,,,,,,,,,sell_0,SELL,,,F4P69tsP9h2cWXPxXgFKwXTtd3j3FuG9vQFaF8PCE9PA,,68378.50000000,CloseType.EARLY_STOP,0,0,,
1710125460,CREATE,main,,,68433.80000000,68433.80000000,68315.00000000,68369.10000000,68374.40000000,68369.10000000,buy_0,SELL,68300.73090000,0.003660282938494878957742811175,,,,,,,,
1710127440,CLOSE,main,,,,,,,,,buy_0,SELL,,,3F2Mztw9jmms1Js58X2NNS79LHnM4WrXN4YTgBv6tbNg,,68559.50000000,CloseType.EARLY_STOP,0,0,,
1710126540,CREATE,main,,,68378.50000000,68479.90000000,68372.30000000,68448.60000000,68426.10000000,68448.60000000,sell_0,SELL,68517.04860000,0.003648726924294284017586488467,,,,,,,,
1710126540,FILL,main,,,,,,,,,sell_0,SELL,,,5pviupSoJwW9iXKpjdujLSHXgst6NirHD1gC8FTds4T8,,,,,,68517.04860000,500.25505622844349318256718106567859649658203125
1710129240,CLOSE,main,,,,,,,,,sell_0,SELL,,,5pviupSoJwW9iXKpjdujLSHXgst6NirHD1gC8FTds4T8,,68593.80000000,CloseType.TIME_LIMIT,-0.40264431354969520970854546249029226601123809814453125,-0.001609756097560865149842523891265955171547830104827880859375,,
1710127620,CREATE,main,,,68559.60000000,68562.30000000,68475.50000000,68499.40000000,68518.90000000,68499.40000000,buy_0,SELL,68430.90060000,0.003653320324707227676747357079,,,,,,,,
1710127620,FILL,main,,,,,,,,,buy_0,SELL,,,DAQ7NT8rE7bzoefhQ2WSjopTPghGDtWWL72iA5oKYF9P,,,,,,68430.90060000,499.99195831130128908625920303165912628173828125
1710130320,CLOSE,main,,,,,,,,,buy_0,SELL,,,DAQ7NT8rE7bzoefhQ2WSjopTPghGDtWWL72iA5oKYF9P,,68590.10000000,CloseType.TIME_LIMIT,0.33563126889505123795487406823667697608470916748046875,0.001342546668264944266513172266286346712149679660797119140625,,
1710129240,CREATE,main,,,68549.00000000,68629.90000000,68540.20000000,68593.80000000,68585.05000000,68593.80000000,sell_0,SELL,68662.39380000,0.003641003264875976249279706047,,,,,,,,
1710129240,FILL,main,,,,,,,,,sell_0,SELL,,,HghQrMCFT7J8P692bLxy4ARdwBm516bWjzsYwdcA3tuR,,,,,,68662.39380000,500.28768440636559944323380477726459503173828125
1710131940,CLOSE,main,,,,,,,,,sell_0,SELL,,,HghQrMCFT7J8P692bLxy4ARdwBm516bWjzsYwdcA3tuR,,68575.80000000,CloseType.TIME_LIMIT,0.2089866694976856009713372941405395977199077606201171875,0.000835465976923522625485762915786835947073996067047119140625,,
1710130320,CREATE,main,,,68665.70000000,68665.70000000,68577.60000000,68590.10000000,68621.65000000,68590.10000000,buy_0,SELL,68521.50990000,0.003648489362900042849018468794,,,,,,,,
1710130320,FILL,main,,,,,,,,,buy_0,SELL,,,36a5W5fULKfHNa51RSTTo1F3ra2yzwJu1G1SDm12cgjp,,,,,,68521.50990000,499.99992775991057669671135954558849334716796875
1710133020,CLOSE,main,,,,,,,,,buy_0,SELL,,,36a5W5fULKfHNa51RSTTo1F3ra2yzwJu1G1SDm12cgjp,,68540.70000000,CloseType.TIME_LIMIT,-0.179948968112298823829320326694869436323642730712890625,-0.000719795976445446704372610469135906896553933620452880859375,,
1710131940,CREATE,main,,,68566.60000000,68575.90000000,68555.60000000,68575.80000000,68565.75000000,68575.80000000,sell_0,SELL,68644.37580000,0.003641958967306976216756652354,,,,,,,,
1710131940,FILL,main,,,,,,,,,sell_0,SELL,,,CecASf2ZfoiRHQfpPxAAfLEGsdDqpmpcZuRgYDktEq88,,,,,,68644.37580000,500.73730876579696769113070331513881683349609375
1710134640,CLOSE,main,,,,,,,,,sell_0,SELL,,,CecASf2ZfoiRHQfpPxAAfLEGsdDqpmpcZuRgYDktEq88,,68622.00000000,CloseType.TIME_LIMIT,0.1997774739762672446818925209299777634441852569580078125,0.000797933249546246316230568851324278512038290500640869140625,,
1710133020,CREATE,main,,,68531.20000000,68557.80000000,68523.10000000,68540.70000000,68540.45000000,68540.70000000,buy_0,SELL,68472.15930000,0.003651118973839634857560830336,,,,,,,,
1710135000,CLOSE,main,,,,,,,,,buy_0,SELL,,,8f8FPJDXdG7LzCuxXgSJaksqjM17p2vJYiuVyXCbSLBi,,68632.10000000,CloseType.EARLY_STOP,0,0,,
1710134640,CREATE,main,,,68639.70000000,68653.90000000,68595.80000000,68622.00000000,68624.85000000,68622.00000000,sell_0,SELL,68690.62200000,0.003639507005774383583173857830,,,,,,,,
1710136620,CLOSE,main,,,,,,,,,sell_0,SELL,,,4yrPocKuhe4fg9Qa2UxNPtELPodPqPzZD4nq6DsCThLD,,68551.80000000,CloseType.EARLY_STOP,0,0,,
1710135180,CREATE,main,,,68632.10000000,68632.20000000,68570.10000000,68590.10000000,68601.15000000,68590.10000000,buy_0,SELL,68521.50990000,0.003648489362900042849018468794,,,,,,,,
1710135180,FILL,main,,,,,,,,,buy_0,SELL,,,DxBZtmhiicf941E4rxCLnnQZ3c2Y9Nkiz5Pvd6L8UZaz,,,,,,68521.50990000,499.9984683641654328312142752110958099365234375
1710137880,CLOSE,main,,,,,,,,,buy_0,SELL,,,DxBZtmhiicf941E4rxCLnnQZ3c2Y9Nkiz5Pvd6L8UZaz,,68661.80000000,CloseType.TIME_LIMIT,0.262613521305358255109041465402697212994098663330078125,0.001050457303057529025169802849859479465521872043609619140625,,
1710136800,CREATE,main,,,68551.90000000,68584.80000000,68534.30000000,68540.10000000,68559.55000000,68540.10000000,sell_0,SELL,68608.64010000,0.003643855928868643743363716124,,,,,,,,
1710136800,FILL,main,,,,,,,,,sell_0,SELL,,,CKqrYHNtesQZMqKoKpGxcPcKidSp9Xt2sPd2TrFrNi1Y,,,,,,68608.64010000,500.78095047390388572239316999912261962890625
1710139500,CLOSE,main,,,,,,,,,sell_0,SELL,,,CKqrYHNtesQZMqKoKpGxcPcKidSp9Xt2sPd2TrFrNi1Y,,68717.40000000,CloseType.TIME_LIMIT,-0.256220644723192336744688191174645908176898956298828125,-0.001023284310158855368866337443023439846001565456390380859375,,
1710137880,CREATE,main,,,68719.20000000,68719.30000000,68633.70000000,68661.80000000,68676.50000000,68661.80000000,buy_0,SELL,68593.13820000,0.003644679432380890679359580112,,,,,,,,
1710137880,FILL,main,,,,,,,,,buy_0,SELL,,,9mpjEGQCWcAjnKivferRmqUQ97GLhS9ipcP9WWs8DphU,,,,,,68593.13820000,499.832066292601894019753672182559967041015625
1710140580,CLOSE,main,,,,,,,,,buy_0,SELL,,,9mpjEGQCWcAjnKivferRmqUQ97GLhS9ipcP9WWs8DphU,,69765.30000000,CloseType.TIME_LIMIT,4.1062048244352684633895478327758610248565673828125,0.01643033771279289734223993946216069161891937255859375,,
1710139500,CREATE,main,,,68718.00000000,68742.30000000,68698.00000000,68717.40000000,68720.15000000,68717.40000000,sell_0,SELL,68786.11740000,0.003634454297605115609727155102,,,,,,,,
1710139500,FILL,main,,,,,,,,,sell_0,SELL,,,DsfoBFEXvCQ5cLs3Sg56fjGPEGV8epj4e6mTK625Kgnw,,,,,,68786.11740000,500.49997443234087768360041081905364990234375
1710142200,CLOSE,main,,,,,,,,,sell_0,SELL,,,DsfoBFEXvCQ5cLs3Sg56fjGPEGV8epj4e6mTK625Kgnw,,70902.10000000,CloseType.TIME_LIMIT,-7.690704825273488864922910579480230808258056640625,-0.03073208878380528918938807692029513418674468994140625,,
1710140580,CREATE,main,,,69616.60000000,69799.30000000,69422.20000000,69765.30000000,69610.75000000,69765.30000000,buy_0,SELL,69695.53470000,0.003587030375419445481003198664,,,,,,,,
1710142560,CLOSE,main,,,,,,,,,buy_0,SELL,,,A4zk8UHhgAtNBVcnUfVRfaLa8PPPJSaDPAM6fedcyNQw,,71033.00000000,CloseType.EARLY_STOP,0,0,,
1710142200,CREATE,main,,,70600.00000000,70989.70000000,70579.60000000,70902.10000000,70784.65000000,70902.10000000,sell_0,SELL,70973.00210000,0.003522466185772349898537627798,,,,,,,,
1710142200,FILL,main,,,,,,,,,sell_0,SELL,,,RkCmvAJKiLD3oGqaaJZMWQZV6Wtx6UbMxPpU44M1yee,,,,,,70973.00210000,500.4226811479346679334412328898906707763671875
1710144900,CLOSE,main,,,,,,,,,sell_0,SELL,,,RkCmvAJKiLD3oGqaaJZMWQZV6Wtx6UbMxPpU44M1yee,,71128.20000000,CloseType.TIME_LIMIT,-0.58555012145952378688207318191416561603546142578125,-0.002340222150268299848574482524554696283303201198577880859375,,
1710142740,CREATE,main,,,71033.00000000,71243.90000000,71020.20000000,71044.10000000,71132.05000000,71044.10000000,buy_0,SELL,70973.05590000,0.003522463515622693928869936489,,,,,,,,
1710142740,FILL,main,,,,,,,,,buy_0,SELL,,,CVz2rUqfewrkr1HFyBHdKyVFoGVwS5WaE9symmvVB2se,,,,,,70973.05590000,498.03618502497084818969597108662128448486328125
1710145440,CLOSE,main,,,,,,,,,buy_0,SELL,,,CVz2rUqfewrkr1HFyBHdKyVFoGVwS5WaE9symmvVB2se,,71561.40000000,CloseType.TIME_LIMIT,2.805310021884031446148810573504306375980377197265625,0.01126548675070015992361049939063377678394317626953125,,
1710144900,CREATE,main,,,71295.90000000,71394.50000000,71098.10000000,71128.20000000,71246.30000000,71128.20000000,sell_0,SELL,71199.32820000,0.003511269085260835511986729406,,,,,,,,
1710144900,FILL,main,,,,,,,,,sell_0,SELL,,,Fj2XKxeFh1T7TCJnaxh5cPAQZjuorRGZqMoQo43CzYqD,,,,,,71199.32820000,501.23436417480132831769878976047039031982421875
1710147600,CLOSE,main,,,,,,,,,sell_0,SELL,,,Fj2XKxeFh1T7TCJnaxh5cPAQZjuorRGZqMoQo43CzYqD,,71280.20000000,CloseType.TIME_LIMIT,0.0826022541038227420262529676620033569633960723876953125,0.000329595335067712526255778726635981001891195774078369140625,,
1710145440,CREATE,main,,,71557.20000000,71660.40000000,71544.80000000,71561.40000000,71602.60000000,71561.40000000,buy_0,SELL,71489.83860000,0.003497000481408276956720895179,,,,,,,,
1710145440,FILL,main,,,,,,,,,buy_0,SELL,,,DyNFN5Uu8PjEezSV6GT4aFAa4ayfA1uQ4BQMKzdJxxMh,,,,,,71489.83860000,499.98014682886702075848006643354892730712890625
1710148140,CLOSE,main,,,,,,,,,buy_0,SELL,,,DyNFN5Uu8PjEezSV6GT4aFAa4ayfA1uQ4BQMKzdJxxMh,,71400.00000000,CloseType.TIME_LIMIT,-0.554229115297036667442398538696579635143280029296875,-0.002217004490327244801972650378729667863808572292327880859375,,
1710148140,CREATE,main,,,71340.60000000,71410.00000000,71313.00000000,71400.00000000,71361.50000000,71400.00000000,buy_0,SELL,71328.60000000,0.003504905465689779415342644883,,,,,,,,
1710150120,CLOSE,main,,,,,,,,,buy_0,SELL,,,AqGNCAEDWBYAMMru8CCabNmz8FeUFbP7uxXmZBrv5jye,,71492.60000000,CloseType.EARLY_STOP,0,0,,
1710147600,CREATE,main,,,71185.20000000,71307.20000000,71185.20000000,71280.20000000,71246.20000000,71280.20000000,sell_0,SELL,71351.48020000,0.003503781551542360437286973035,,,,,,,,
1710147600,FILL,main,,,,,,,,,sell_0,SELL,,,CWNBiSnPT8yeyGVMeHMU8kLMraTjfTxMsSJL7fftwBFy,,,,,,71351.48020000,500.3400055602490965611650608479976654052734375
1710150300,CLOSE,main,,,,,,,,,sell_0,SELL,,,CWNBiSnPT8yeyGVMeHMU8kLMraTjfTxMsSJL7fftwBFy,,71647.80000000,CloseType.TIME_LIMIT,-1.1184070712522096169294627543422393500804901123046875,-0.004470588235293670130443555166266378364525735378265380859375,,
1710150300,CREATE,main,,,71492.60000000,71647.80000000,71492.60000000,71647.80000000,71570.20000000,71647.80000000,buy_0,SELL,71576.15220000,0.003492783452530995230699715863,,,,,,,,
1710150300,FILL,main,,,,,,,,,buy_0,SELL,,,G1ANfnKN1fnG6dq9PdQAa1wWT8fpXigSTQXqSo2TKL33,,,,,,71576.15220000,499.74675783144419938253122381865978240966796875
1710153000,CLOSE,main,,,,,,,,,buy_0,SELL,,,G1ANfnKN1fnG6dq9PdQAa1wWT8fpXigSTQXqSo2TKL33,,71693.90000000,CloseType.TIME_LIMIT,0.288015272773999075894835186772979795932769775390625,0.001152644887677856978813739630140844383276998996734619140625,,
1710150300,CREATE,main,,,71492.60000000,71647.80000000,71492.60000000,71647.80000000,71570.20000000,71647.80000000,sell_0,SELL,71719.44780000,0.003485804864214249985338406687,,,,,,,,
1710150300,FILL,main,,,,,,,,,sell_0,SELL,,,GuFf6ECa6Mv4tgMTQktooHVNo5R8ZiCBVA5MDSJR3Wjf,,,,,,71719.44780000,500.42842075535327239776961505413055419921875
1710153000,CLOSE,main,,,,,,,,,sell_0,SELL,,,GuFf6ECa6Mv4tgMTQktooHVNo5R8ZiCBVA5MDSJR3Wjf,,71693.90000000,CloseType.TIME_LIMIT,0.053050812809010750026317282390664331614971160888671875,0.000212021582343125715441889411749798455275595188140869140625,,
1710153000,CREATE,main,,,71726.10000000,71759.60000000,71653.90000000,71693.90000000,71706.75000000,71693.90000000,sell_0,SELL,71765.59390000,0.003483563451705790458066369506,,,,,,,,
1710154980,CLOSE,main,,,,,,,,,sell_0,SELL,,,HqC2PJVJH7DWRaX2JKc4CiSECMPwn6LTf2FEVBvqcbbU,,71631.50000000,CloseType.EARLY_STOP,0,0,,
1710153000,CREATE,main,,,71726.10000000,71759.60000000,71653.90000000,71693.90000000,71706.75000000,71693.90000000,buy_0,SELL,71622.20610000,0.003490537552710206455124738256,,,,,,,,
1710153000,FILL,main,,,,,,,,,buy_0,SELL,,,5dsGiPdtWTLe5p7M7yfvBfa7m2H5eTckfmyC1fDEPg9T,,,,,,71622.20610000,499.8477699781436740522622130811214447021484375
1710155700,CLOSE,main,,,,,,,,,buy_0,SELL,,,5dsGiPdtWTLe5p7M7yfvBfa7m2H5eTckfmyC1fDEPg9T,,71707.90000000,CloseType.TIME_LIMIT,0.1253089019273091742068260145970270968973636627197265625,0.000501388260400915421188816623043749132193624973297119140625,,
1710155160,CREATE,main,,,71631.40000000,71631.50000000,71530.40000000,71599.70000000,71580.95000000,71599.70000000,sell_0,SELL,71671.29970000,0.003488146594891455695993128220,,,,,,,,
1710155160,FILL,main,,,,,,,,,sell_0,SELL,,,FaLUUmnE6aDig2nnDEoUrZ7njySmbqg3gTYAqxH5kzp6,,,,,,71671.29970000,500.084415240484304376877844333648681640625
1710157860,CLOSE,main,,,,,,,,,sell_0,SELL,,,FaLUUmnE6aDig2nnDEoUrZ7njySmbqg3gTYAqxH5kzp6,,71956.40000000,CloseType.TIME_LIMIT,-1.2023062280257994505205942914471961557865142822265625,-0.004808413105405916730672455372541662654839456081390380859375,,
1710155700,CREATE,main,,,71683.60000000,71735.70000000,71667.50000000,71707.90000000,71701.60000000,71707.90000000,buy_0,SELL,71636.19210000,0.003489856072346983673613377804,,,,,,,,
1710155700,FILL,main,,,,,,,,,buy_0,SELL,,,DoYryaYxBKqq3gdLkGtMwb5QhrL9dYJGHLvSG6aeFFNf,,,,,,71636.19210000,499.6943437477883662722888402640819549560546875
1710158400,CLOSE,main,,,,,,,,,buy_0,SELL,,,DoYryaYxBKqq3gdLkGtMwb5QhrL9dYJGHLvSG6aeFFNf,,71692.70000000,CloseType.TIME_LIMIT,0.10018539218257831169278659899646299891173839569091796875,0.000400986696912243069379488957793000736273825168609619140625,,
1710157860,CREATE,main,,,72172.80000000,72175.60000000,71873.50000000,71956.40000000,72024.55000000,71956.40000000,sell_0,SELL,72028.35640000,0.003470855264441380759009526647,,,,,,,,
1710159840,CLOSE,main,,,,,,,,,sell_0,SELL,,,HEzREekwP8GZi5mBznvU6EdCTT3Q4xu2iTKaUhZQx3DV,,71738.70000000,CloseType.EARLY_STOP,0,0,,
1710158400,CREATE,main,,,71478.20000000,71699.20000000,71386.00000000,71692.70000000,71542.60000000,71692.70000000,buy_0,SELL,71621.00730000,0.003490595977697175031968892194,,,,,,,,
1710158400,FILL,main,,,,,,,,,buy_0,SELL,,,FgBbtKqxYsrcMciDcngJG2ncnPfu4w4ToFzA8K65mcgr,,,,,,71621.00730000,499.70813521356325281885801814496517181396484375
1710161100,CLOSE,main,,,,,,,,,buy_0,SELL,,,FgBbtKqxYsrcMciDcngJG2ncnPfu4w4ToFzA8K65mcgr,,71945.50000000,CloseType.TIME_LIMIT,1.028751239023575347886207964620552957057952880859375,0.004117408409146317872784326397095355787314474582672119140625,,
1710160020,CREATE,main,,,71738.70000000,71963.90000000,71738.60000000,71926.20000000,71851.25000000,71926.20000000,sell_0,SELL,71998.12620000,0.003472312589157355182816778320,,,,,,,,
1710160020,FILL,main,,,,,,,,,sell_0,SELL,,,FBf4i723NMFNkozocHa74YhMjBQiBbCNBXZTnq1pp67w,,,,,,71998.12620000,500.25051901975751889040111564099788665771484375
1710162720,CLOSE,main,,,,,,,,,sell_0,SELL,,,FBf4i723NMFNkozocHa74YhMjBQiBbCNBXZTnq1pp67w,,71921.40000000,CloseType.TIME_LIMIT,0.1415516005470758009732179516504402272403240203857421875,0.000565922853311363362183161740404102602042257785797119140625,,
1710161100,CREATE,main,,,71977.00000000,72062.40000000,71921.80000000,71945.50000000,71992.10000000,71945.50000000,buy_0,SELL,71873.55450000,0.003478330823335027906616325477,,,,,,,,
1710161100,FILL,main,,,,,,,,,buy_0,SELL,,,CRyQNvuhr7DLWUMT8ptnWHS9dBAStLoY3AQY5S4mp2sS,,,,,,71873.55450000,499.52517653763737826011492870748043060302734375
1710163800,CLOSE,main,,,,,,,,,buy_0,SELL,,,CRyQNvuhr7DLWUMT8ptnWHS9dBAStLoY3AQY5S4mp2sS,,72158.70000000,CloseType.TIME_LIMIT,0.979479524697779435626898703048937022686004638671875,0.003921642274316795330479923364919159212149679660797119140625,,
1710162720,CREATE,main,,,71895.90000000,72000.00000000,71854.40000000,71921.40000000,71927.20000000,71921.40000000,sell_0,SELL,71993.32140000,0.003472544329646666645218596367,,,,,,,,
1710162720,FILL,main,,,,,,,,,sell_0,SELL,,,92BGZ2MQBLsu8miPSaEdLjYRuANXnaXJ6HUdRFc8fcSv,,,,,,71993.32140000,500.349189334665197748108766973018646240234375
1710165420,CLOSE,main,,,,,,,,,sell_0,SELL,,,92BGZ2MQBLsu8miPSaEdLjYRuANXnaXJ6HUdRFc8fcSv,,71498.70000000,CloseType.TIME_LIMIT,1.642014810557247184163998099393211305141448974609375,0.006563475450977352722292668119052905240096151828765869140625,,
1710163800,CREATE,main,,,72209.90000000,72279.80000000,71988.00000000,72158.70000000,72133.90000000,72158.70000000,buy_0,SELL,72086.54130000,0.003468053751664737035850558352,,,,,,,,
1710163800,FILL,main,,,,,,,,,buy_0,SELL,,,3ncd5rcmMBNWNWaBNJ9norjS3NP8VZF2ZoDuvkNH3aEU,,,,,,72086.54130000,497.318214377972935835714451968669891357421875
1710166500,CLOSE,main,,,,,,,,,buy_0,SELL,,,3ncd5rcmMBNWNWaBNJ9norjS3NP8VZF2ZoDuvkNH3aEU,,72249.30000000,CloseType.TIME_LIMIT,1.6566896239755537489912740056752227246761322021484375,0.006662493253128399552098759528462323942221701145172119140625,,
1710165420,CREATE,main,,,71549.90000000,71622.70000000,71430.10000000,71498.70000000,71526.40000000,71498.70000000,sell_0,SELL,71570.19870000,0.003493073996453778326189704268,,,,,,,,
1710165420,FILL,main,,,,,,,,,sell_0,SELL,,,9Ne5NBv2FnW7iwuiEsuga2tvZDb7iPR2pMuojs1nwRCz,,,,,,71570.19870000,500.68604881489585523013374768197536468505859375
1710168120,CLOSE,main,,,,,,,,,sell_0,SELL,,,9Ne5NBv2FnW7iwuiEsuga2tvZDb7iPR2pMuojs1nwRCz,,71928.10000000,CloseType.TIME_LIMIT,-1.157494341286378958244540626765228807926177978515625,-0.004623633288868832756646209958262261352501809597015380859375,,
1710166500,CREATE,main,,,72244.10000000,72318.40000000,72120.40000000,72249.30000000,72219.40000000,72249.30000000,buy_0,SELL,72177.05070000,0.003463704842126501435650684462,,,,,,,,
1710166500,FILL,main,,,,,,,,,buy_0,SELL,,,9fgbEbCXPtmUxkXNkhxCASHomqeXRXcxhtvpYcK4kAe9,,,,,,72177.05070000,499.799446640454107182449661195278167724609375
1710169200,CLOSE,main,,,,,,,,,buy_0,SELL,,,9fgbEbCXPtmUxkXNkhxCASHomqeXRXcxhtvpYcK4kAe9,,72124.20000000,CloseType.TIME_LIMIT,-0.3326822690470108145888161743641830980777740478515625,-0.001331263054744179739896647873820256791077554225921630859375,,
1710168120,CREATE,main,,,72037.10000000,72100.50000000,71918.10000000,71928.10000000,72009.30000000,71928.10000000,sell_0,SELL,72000.02810000,0.003472220867091577979031435380,,,,,,,,
1710168120,FILL,main,,,,,,,,,sell_0,SELL,,,FsSgmLZNGZE125ZNEbskEFHttmzHszMosmBEAUMsFQpS,,,,,,72000.02810000,500.43799913461424466731841675937175750732421875
1710170820,CLOSE,main,,,,,,,,,sell_0,SELL,,,FsSgmLZNGZE125ZNEbskEFHttmzHszMosmBEAUMsFQpS,,72414.40000000,CloseType.TIME_LIMIT,-1.470010190176517017590640534763224422931671142578125,-0.005874894363411819163400817700448897085152566432952880859375,,
1710169200,CREATE,main,,,72162.80000000,72169.90000000,72022.00000000,72124.20000000,72095.95000000,72124.20000000,buy_0,SELL,72052.07580000,0.003469712665793870300865143191,,,,,,,,
1710171180,CLOSE,main,,,,,,,,,buy_0,SELL,,,EZSXVJK5VKcXXRmNv6RZsir8wEujiGFdTYjXSRZs2hV,,72645.20000000,CloseType.EARLY_STOP,0,0,,
1710170820,CREATE,main,,,72444.20000000,72462.50000000,72377.00000000,72414.40000000,72419.75000000,72414.40000000,sell_0,SELL,72486.81440000,0.003448903115267816488430681987,,,,,,,,
1710170820,FILL,main,,,,,,,,,sell_0,SELL,,,3gn98wM7nFVjrCHKeJJRf3TRsxUgSnLSMgcWmB4ehYCF,,,,,,72486.81440000,501.0925131785071471313131041824817657470703125
1710173520,CLOSE,main,,,,,,,,,sell_0,SELL,,,3gn98wM7nFVjrCHKeJJRf3TRsxUgSnLSMgcWmB4ehYCF,,72317.90000000,CloseType.TIME_LIMIT,0.8782797330378231404068856136291287839412689208984375,0.003505459410944934163512076708002496161498129367828369140625,,
1710171360,CREATE,main,,,72638.10000000,72650.00000000,72222.20000000,72296.80000000,72436.10000000,72296.80000000,buy_0,SELL,72224.50320000,0.003461429140020723464681426588,,,,,,,,
1710171360,FILL,main,,,,,,,,,buy_0,SELL,,,2WiWM2r89EtSFk8MkAiSQ8odP7G7RRHpYFfr923Q1PzJ,,,,,,72224.50320000,499.81652210243237277609296143054962158203125
1710174060,CLOSE,main,,,,,,,,,buy_0,SELL,,,2WiWM2r89EtSFk8MkAiSQ8odP7G7RRHpYFfr923Q1PzJ,,72261.30000000,CloseType.TIME_LIMIT,-0.030799796487699197811149787185058812610805034637451171875,-0.000123244411201705282576934763483222923241555690765380859375,,
1710174060,CREATE,main,,,72251.20000000,72289.10000000,72162.00000000,72261.30000000,72225.55000000,72261.30000000,buy_0,SELL,72189.03870000,0.003463129645470677114533381485,,,,,,,,
1710176040,CLOSE,main,,,,,,,,,buy_0,SELL,,,6vRAmYCCe1t3Li26w3XCQ2itjvWmbfFGmEbzxTKWpE1Q,,72541.00000000,CloseType.EARLY_STOP,0,0,,
1710173520,CREATE,main,,,72227.90000000,72317.90000000,72182.10000000,72317.90000000,72250.00000000,72317.90000000,sell_0,SELL,72390.21790000,0.003453505283619266742350136317,,,,,,,,
1710173520,FILL,main,,,,,,,,,sell_0,SELL,,,DtLcceKUFmmuMCy6PABuguegmTi2fas1KJZyyRsn4Pha,,,,,,72390.21790000,500.05513244904881275942898355424404144287109375
1710176220,CLOSE,main,,,,,,,,,sell_0,SELL,,,DtLcceKUFmmuMCy6PABuguegmTi2fas1KJZyyRsn4Pha,,72509.40000000,CloseType.TIME_LIMIT,-0.6340573537629554667915954269119538366794586181640625,-0.002535949788806778591732093985910978517495095729827880859375,,
1710176220,CREATE,main,,,72541.10000000,72577.50000000,72509.40000000,72509.40000000,72543.45000000,72509.40000000,sell_0,SELL,72581.90940000,0.003444384448778362119856358997,,,,,,,,
1710178200,CLOSE,main,,,,,,,,,sell_0,SELL,,,8dPhjevj4DsB5gRekedQ2haBhvruuCAjV37FePMha8iX,,72456.10000000,CloseType.EARLY_STOP,0,0,,
1710176220,CREATE,main,,,72541.10000000,72577.50000000,72509.40000000,72509.40000000,72543.45000000,72509.40000000,buy_0,SELL,72436.89060000,0.003451280113340480963082843054,,,,,,,,
1710176220,FILL,main,,,,,,,,,buy_0,SELL,,,8qmsoPXaM6C5njERrEfNRPvbA6LXstQe72Jcpgcd2hRY,,,,,,72436.89060000,499.93863209804868574792635627090930938720703125
1710178920,CLOSE,main,,,,,,,,,buy_0,SELL,,,8qmsoPXaM6C5njERrEfNRPvbA6LXstQe72Jcpgcd2hRY,,72424.70000000,CloseType.TIME_LIMIT,-0.261358540423059448887244116122019477188587188720703125,-0.001045562489644934721366720253854509792290627956390380859375,,
1710178380,CREATE,main,,,72456.20000000,72483.40000000,72417.10000000,72417.20000000,72450.25000000,72417.20000000,sell_0,SELL,72489.61720000,0.003448769763954554446758470660,,,,,,,,
1710180360,CLOSE,main,,,,,,,,,sell_0,SELL,,,BHFSogXNexndaDamZy8Hh3yRaBpMwsfnkkRqGtdJtBgN,,72362.30000000,CloseType.EARLY_STOP,0,0,,
1710178920,CREATE,main,,,72432.20000000,72443.80000000,72353.00000000,72424.70000000,72398.40000000,72424.70000000,buy_0,SELL,72352.27530000,0.003455316352711854661624542111,,,,,,,,
1710178920,FILL,main,,,,,,,,,buy_0,SELL,,,CU1WLE3DPywaW7wesw2am6AyAjNcU1Cow6e2Nt79Py5r,,,,,,72352.27530000,499.57793103432641146355308592319488525390625
1710181620,CLOSE,main,,,,,,,,,buy_0,SELL,,,CU1WLE3DPywaW7wesw2am6AyAjNcU1Cow6e2Nt79Py5r,,72500.70000000,CloseType.TIME_LIMIT,0.47409981037600534836684573747334070503711700439453125,0.001898001416493434213850211023100200691260397434234619140625,,
1710180540,CREATE,main,,,72350.90000000,72362.30000000,72273.30000000,72291.20000000,72317.80000000,72291.20000000,sell_0,SELL,72363.49120000,0.003454780799741182333386248092,,,,,,,,
1710180540,FILL,main,,,,,,,,,sell_0,SELL,,,BKNS8JWRa1djwMoGtQsRemr2yATDCYcUSxzTfZ14BnY5,,,,,,72363.49120000,500.66683349849216710936161689460277557373046875
1710183240,CLOSE,main,,,,,,,,,sell_0,SELL,,,BKNS8JWRa1djwMoGtQsRemr2yATDCYcUSxzTfZ14BnY5,,72383.30000000,CloseType.TIME_LIMIT,0.01464827059092530490980177404480855329893529415130615234375,0.000058515042782315319913610807134318747557699680328369140625,,
1710181620,CREATE,main,,,72536.00000000,72556.40000000,72462.10000000,72500.70000000,72509.25000000,72500.70000000,buy_0,SELL,72428.19930000,0.003451694262955395745161319910,,,,,,,,
1710181620,FILL,main,,,,,,,,,buy_0,SELL,,,285SDYH7sPHVRCwBhoK7vyg4K7MiT9pQkbsYpeFivfWJ,,,,,,72428.19930000,499.73422437412438057435792870819568634033203125
1710184320,CLOSE,main,,,,,,,,,buy_0,SELL,,,285SDYH7sPHVRCwBhoK7vyg4K7MiT9pQkbsYpeFivfWJ,,72658.80000000,CloseType.TIME_LIMIT,0.67898381397426732508648683506180532276630401611328125,0.002717379682468768799241676248357180156745016574859619140625,,
1710183240,CREATE,main,,,72356.00000000,72425.70000000,72338.10000000,72383.30000000,72381.90000000,72383.30000000,sell_0,SELL,72455.68330000,0.003450384961037279872603412394,,,,,,,,
1710183240,FILL,main,,,,,,,,,sell_0,SELL,,,GyPUMveApVu4a3WZE7p3U3vAdm2LACNX2psPMo5UqXZE,,,,,,72455.68330000,500.12570925543940347779425792396068572998046875
1710185940,CLOSE,main,,,,,,,,,sell_0,SELL,,,GyPUMveApVu4a3WZE7p3U3vAdm2LACNX2psPMo5UqXZE,,72138.90000000,CloseType.TIME_LIMIT,0.90581610731976491823758124155574478209018707275390625,0.003622353702505299623271017850356656708754599094390869140625,,
1710184320,CREATE,main,,,72616.30000000,72729.20000000,72568.10000000,72658.80000000,72648.65000000,72658.80000000,buy_0,SELL,72586.14120000,0.003444183639837848137205282403,,,,,,,,
1710184320,FILL,main,,,,,,,,,buy_0,SELL,,,BMH14HfckrvEj2imcps1PEcG2oHkBYaPSsF5LorNgFpm,,,,,,72586.14120000,499.7193596509852113740635104477405548095703125
1710187020,CLOSE,main,,,,,,,,,buy_0,SELL,,,BMH14HfckrvEj2imcps1PEcG2oHkBYaPSsF5LorNgFpm,,71978.70000000,CloseType.TIME_LIMIT,-2.201678548521616374245013503241352736949920654296875,-0.00881166000876698607413572972291149199008941650390625,,
1710185940,CREATE,main,,,72039.30000000,72175.20000000,72016.00000000,72138.90000000,72095.60000000,72138.90000000,sell_0,SELL,72211.03890000,0.003462074549934220932069696349,,,,,,,,
1710185940,FILL,main,,,,,,,,,sell_0,SELL,,,AVsxXKNK4McBezVHwjQ3GpBu2mh6wJ9NiQYsLKrHYYuK,,,,,,72211.03890000,500.0274272469995366918738000094890594482421875
1710188640,CLOSE,main,,,,,,,,,sell_0,SELL,,,AVsxXKNK4McBezVHwjQ3GpBu2mh6wJ9NiQYsLKrHYYuK,,72143.40000000,CloseType.TIME_LIMIT,-0.002129175848231652963538085288064394262619316577911376953125,-0.000008516236239096940108250777257126173935830593109130859375,,
1710187020,CREATE,main,,,71999.50000000,72034.40000000,71766.40000000,71978.70000000,71900.40000000,71978.70000000,buy_0,SELL,71906.72130000,0.003476726451717664536509697510,,,,,,,,
1710189000,CLOSE,main,,,,,,,,,buy_0,SELL,,,6tQgDPFNM1z5NmpgLohiEBuQhJRHchnuB2tW8Li5x95Z,,72239.30000000,CloseType.EARLY_STOP,0,0,,
1710188640,CREATE,main,,,72127.70000000,72143.40000000,72099.50000000,72143.40000000,72121.45000000,72143.40000000,sell_0,SELL,72215.54340000,0.003461858600374390039771145054,,,,,,,,
1710188640,FILL,main,,,,,,,,,sell_0,SELL,,,4UExNuAJpxuGZ5zBqjKtJ1Ghg38TkN5tEMrLtDFKCwwu,,,,,,72215.54340000,500.16448398005132958132890053093433380126953125
1710191340,CLOSE,main,,,,,,,,,sell_0,SELL,,,4UExNuAJpxuGZ5zBqjKtJ1Ghg38TkN5tEMrLtDFKCwwu,,72063.90000000,CloseType.TIME_LIMIT,0.357127756515725369723668336519040167331695556640625,0.001428041246247181185469177222557846107520163059234619140625,,
1710189180,CREATE,main,,,72239.30000000,72239.30000000,72060.40000000,72094.00000000,72149.85000000,72094.00000000,buy_0,SELL,72021.90600000,0.003471166119930233448767787120,,,,,,,,
1710189180,FILL,main,,,,,,,,,buy_0,SELL,,,8DbVqGXh3VMzYaijuiD3zFxqoZA8a7XMdq7AvLtni3A7,,,,,,72021.90600000,499.8833271643769649017485789954662322998046875
1710191880,CLOSE,main,,,,,,,,,buy_0,SELL,,,8DbVqGXh3VMzYaijuiD3zFxqoZA8a7XMdq7AvLtni3A7,,72192.70000000,CloseType.TIME_LIMIT,0.401249100516648748993020490161143243312835693359375,0.001605371008442158832496549081270131864584982395172119140625,,
1710191880,CREATE,main,,,72090.90000000,72192.70000000,72090.90000000,72192.70000000,72141.80000000,72192.70000000,buy_0,SELL,72120.50730000,0.003466420431016574533769703810,,,,,,,,
1710193860,CLOSE,main,,,,,,,,,buy_0,SELL,,,5XFZkvozajrDSUotVtVbySNARVE3kraLSz3CVrcyJyhP,,72296.10000000,CloseType.EARLY_STOP,0,0,,
1710191340,CREATE,main,,,72100.00000000,72105.90000000,72054.80000000,72063.90000000,72080.35000000,72063.90000000,sell_0,SELL,72135.96390000,0.003465677679812635319729512200,,,,,,,,
1710191340,FILL,main,,,,,,,,,sell_0,SELL,,,2Ftr7T8nyZrQucjUcq4haDvdi1p9igJSwJ5iAm4thcmt,,,,,,72135.96390000,500.39325807081928587649599649012088775634765625
1710194040,CLOSE,main,,,,,,,,,sell_0,SELL,,,2Ftr7T8nyZrQucjUcq4haDvdi1p9igJSwJ5iAm4thcmt,,72421.70000000,CloseType.TIME_LIMIT,-1.043836817712411768610536455526016652584075927734375,-0.004172065873696006142734571398023035726509988307952880859375,,
1710194040,CREATE,main,,,72296.00000000,72421.80000000,72296.00000000,72421.70000000,72358.90000000,72421.70000000,buy_0,SELL,72349.27830000,0.003455459485903399952116224107,,,,,,,,
1710196020,CLOSE,main,,,,,,,,,buy_0,SELL,,,9CUN52tcJvQvXpbfnY6vreWSS4ePykD8XH4HD2xvk1fz,,72669.80000000,CloseType.EARLY_STOP,0,0,,
1710194040,CREATE,main,,,72296.00000000,72421.80000000,72296.00000000,72421.70000000,72358.90000000,72421.70000000,sell_0,SELL,72494.12170000,0.003448555470946550002018370830,,,,,,,,
1710194040,FILL,main,,,,,,,,,sell_0,SELL,,,AWQT3Jq1CJ6c8NBVRoCGEBBh8X99jJHMiKNGBuqkqnzv,,,,,,72494.12170000,500.21986817173893768995185382664203643798828125
1710196740,CLOSE,main,,,,,,,,,sell_0,SELL,,,AWQT3Jq1CJ6c8NBVRoCGEBBh8X99jJHMiKNGBuqkqnzv,,72577.70000000,CloseType.TIME_LIMIT,-0.428400251933898967848790562129579484462738037109375,-0.001712847806304317564707329069051411352120339870452880859375,,
1710196740,CREATE,main,,,72616.80000000,72628.10000000,72562.90000000,72577.70000000,72595.50000000,72577.70000000,sell_0,SELL,72650.27770000,0.003441143074942437694492949419,,,,,,,,
1710198720,CLOSE,main,,,,,,,,,sell_0,SELL,,,8G1hkFDqRWZXXPnVJJvpu8DtG6XhVXzNNTs2gqV4Zgm,,72362.00000000,CloseType.EARLY_STOP,0,0,,
1710196200,CREATE,main,,,72669.80000000,72688.80000000,72516.10000000,72516.10000000,72602.45000000,72516.10000000,buy_0,SELL,72443.58390000,0.003450961238266401946164047521,,,,,,,,
1710196200,FILL,main,,,,,,,,,buy_0,SELL,,,AUdzqHwkfUt3sjTAGEyf6FdTpBesrpHp4PAnxhHiErfR,,,,,,72443.58390000,499.94420554889194363568094559013843536376953125
1710198900,CLOSE,main,,,,,,,,,buy_0,SELL,,,AUdzqHwkfUt3sjTAGEyf6FdTpBesrpHp4PAnxhHiErfR,,72300.10000000,CloseType.TIME_LIMIT,-0.71723225443567795167609801865182816982269287109375,-0.002869249194110467214569037963656228384934365749359130859375,,
1710198900,CREATE,main,,,72362.00000000,72374.80000000,72293.60000000,72300.10000000,72334.20000000,72300.10000000,sell_0,SELL,72372.40010000,0.003454355523024860686742632114,,,,,,,,
1710200880,CLOSE,main,,,,,,,,,sell_0,SELL,,,FvraanpfWHrCvQUWNzH2FkosfZsakQ6pgWK7pmwmBffQ,,72127.50000000,CloseType.EARLY_STOP,0,0,,
1710198900,CREATE,main,,,72362.00000000,72374.80000000,72293.60000000,72300.10000000,72334.20000000,72300.10000000,buy_0,SELL,72227.79990000,0.003461271149697583130704039186,,,,,,,,
1710198900,FILL,main,,,,,,,,,buy_0,SELL,,,8ZCaf3GNdxPgz3LmvBBYSpH9o7yW5d3ZEt14HZsYYZbh,,,,,,72227.79990000,499.7251757629682060724007897078990936279296875
1710201600,CLOSE,main,,,,,,,,,buy_0,SELL,,,8ZCaf3GNdxPgz3LmvBBYSpH9o7yW5d3ZEt14HZsYYZbh,,72258.00000000,CloseType.TIME_LIMIT,-0.00791973451763104858980302225290870410390198230743408203125,-0.000031696359926391103056797504677888355217874050140380859375,,
1710201060,CREATE,main,,,72127.50000000,72165.80000000,72111.00000000,72124.30000000,72138.40000000,72124.30000000,sell_0,SELL,72196.42430000,0.003462775371826828685568577287,,,,,,,,
1710201060,FILL,main,,,,,,,,,sell_0,SELL,,,AT2LEJ6MYS5Pff3NFzBXdBKASueU2j6XoAagKNcp6iww,,,,,,72196.42430000,500.42644563492598308585002087056636810302734375
1710203760,CLOSE,main,,,,,,,,,sell_0,SELL,,,AT2LEJ6MYS5Pff3NFzBXdBKASueU2j6XoAagKNcp6iww,,72292.00000000,CloseType.TIME_LIMIT,-0.367947585459525050577411775520886294543743133544921875,-0.001470536134407062454909631554755833349190652370452880859375,,
1710201600,CREATE,main,,,72090.50000000,72258.10000000,72046.00000000,72258.00000000,72152.05000000,72258.00000000,buy_0,SELL,72185.74200000,0.003463287805505968200828487429,,,,,,,,
1710201600,FILL,main,,,,,,,,,buy_0,SELL,,,AxUtwBR8wsxaZcbSQHAV4puX9J1FvUrCwQPz61DuvRv1,,,,,,72185.74200000,499.99693845357995769518311135470867156982421875
1710204300,CLOSE,main,,,,,,,,,buy_0,SELL,,,AxUtwBR8wsxaZcbSQHAV4puX9J1FvUrCwQPz61DuvRv1,,72176.30000000,CloseType.TIME_LIMIT,-0.28116805947639356144662770020659081637859344482421875,-0.001124679124420268315487358989912536344490945339202880859375,,
1710203760,CREATE,main,,,72244.10000000,72292.00000000,72244.00000000,72292.00000000,72268.00000000,72292.00000000,sell_0,SELL,72364.29200000,0.003454742568337433605994528744,,,,,,,,
1710205740,CLOSE,main,,,,,,,,,sell_0,SELL,,,12kPTi74aZuYDLLHsC7id6c4dTvH2VskqbtMgopzraBd,,72230.00000000,CloseType.EARLY_STOP,0,0,,
1710204300,CREATE,main,,,72272.00000000,72272.00000000,72168.80000000,72176.30000000,72220.40000000,72176.30000000,buy_0,SELL,72104.12370000,0.003467208075923124906161180951,,,,,,,,
1710204300,FILL,main,,,,,,,,,buy_0,SELL,,,ZbK5pJTai1HBYdRK12PuR7ZJqf4Vsrrw7onVEqqMvb6,,,,,,72104.12370000,499.6662902374333725674659945070743560791015625
1710207000,CLOSE,main,,,,,,,,,buy_0,SELL,,,ZbK5pJTai1HBYdRK12PuR7ZJqf4Vsrrw7onVEqqMvb6,,72216.00000000,CloseType.TIME_LIMIT,0.3049201470289262250190631675650365650653839111328125,0.001220495170422775978169571686748895444907248020172119140625,,
1710205920,CREATE,main,,,72230.00000000,72279.90000000,72208.10000000,72252.00000000,72244.00000000,72252.00000000,sell_0,SELL,72324.25200000,0.003456655175638733187241273210,,,,,,,,
1710205920,FILL,main,,,,,,,,,sell_0,SELL,,,2yJNCXAkoqK6nq9LQftK9dqLpUozR2hDwdSzKxbr1sLs,,,,,,72324.25200000,500.18284323217056908106314949691295623779296875
1710208620,CLOSE,main,,,,,,,,,sell_0,SELL,,,2yJNCXAkoqK6nq9LQftK9dqLpUozR2hDwdSzKxbr1sLs,,72440.00000000,CloseType.TIME_LIMIT,-0.558770728800669136404621895053423941135406494140625,-0.002234265874414663975711103915955391130410134792327880859375,,
1710207000,CREATE,main,,,72257.60000000,72267.50000000,72200.00000000,72216.00000000,72233.75000000,72216.00000000,buy_0,SELL,72143.78400000,0.003465302014100064393700355111,,,,,,,,
1710208980,CLOSE,main,,,,,,,,,buy_0,SELL,,,FSFuFNyaRwQdjPoKUvob15PvgBTDk9ryeBLGoVAXeXZ2,,72339.90000000,CloseType.EARLY_STOP,0,0,,
1710208620,CREATE,main,,,72432.70000000,72443.80000000,72420.00000000,72440.00000000,72431.90000000,72440.00000000,sell_0,SELL,72512.44000000,0.003447684286999582416407460961,,,,,,,,
1710210600,CLOSE,main,,,,,,,,,sell_0,SELL,,,Bf9HFGncSpYmrJhbfqSt9ZkTVThAT4Gi3gnx6g8vB77b,,72272.30000000,CloseType.EARLY_STOP,0,0,,
1710209160,CREATE,main,,,72340.00000000,72340.00000000,72300.30000000,72305.50000000,72320.15000000,72305.50000000,buy_0,SELL,72233.19450000,0.003461012651184906407610276461,,,,,,,,
1710209160,FILL,main,,,,,,,,,buy_0,SELL,,,6BevK7MXpSoxLRiUxKuWzCQEYBoEm32nkcRcVQbT4MbZ,,,,,,72233.19450000,499.71277402109075183034292422235012054443359375
1710211860,CLOSE,main,,,,,,,,,buy_0,SELL,,,6BevK7MXpSoxLRiUxKuWzCQEYBoEm32nkcRcVQbT4MbZ,,72195.90000000,CloseType.TIME_LIMIT,-0.2353201338755844529426752842482528649270534515380859375,-0.000941821566745270309650717166505273780785501003265380859375,,
1710210780,CREATE,main,,,72272.20000000,72272.20000000,72184.80000000,72184.90000000,72228.50000000,72184.90000000,sell_0,SELL,72257.08490000,0.003459868334655167083193864020,,,,,,,,
1710212760,CLOSE,main,,,,,,,,,sell_0,SELL,,,3H9qqAHoKfJh2gXmG9gzQb5SgJbj6WKLsdeQqSpGv6ne,,72112.00000000,CloseType.EARLY_STOP,0,0,,
1710211860,CREATE,main,,,72156.00000000,72241.10000000,72155.90000000,72195.90000000,72198.50000000,72195.90000000,buy_0,SELL,72123.70410000,0.003466266785928983092277996614,,,,,,,,
1710211860,FILL,main,,,,,,,,,buy_0,SELL,,,9oUo9DUk9Tk3YdWe6RFoK1EHyo62h1yAaLFj9hNYsYpB,,,,,,72123.70410000,499.918860933821633807383477687835693359375
1710214560,CLOSE,main,,,,,,,,,buy_0,SELL,,,9oUo9DUk9Tk3YdWe6RFoK1EHyo62h1yAaLFj9hNYsYpB,,71600.10000000,CloseType.TIME_LIMIT,-2.02434139818394154275438268086872994899749755859375,-0.008098679831373356563517518225125968456268310546875,,
1710212940,CREATE,main,,,72112.00000000,72112.00000000,72024.00000000,72056.40000000,72068.00000000,72056.40000000,sell_0,SELL,72128.45640000,0.003466038405335955868174864316,,,,,,,,
1710214920,CLOSE,main,,,,,,,,,sell_0,SELL,,,4P59kWNG3Cit8iML5H1Ds2xbh889ruYpTBmjW2K7jdGX,,71754.80000000,CloseType.EARLY_STOP,0,0,,
1710214560,CREATE,main,,,71746.60000000,71793.60000000,71558.90000000,71600.10000000,71676.25000000,71600.10000000,buy_0,SELL,71528.49990000,0.003495110345519772038184933540,,,,,,,,
1710214560,FILL,main,,,,,,,,,buy_0,SELL,,,9og43EG43sRZHUqB8yddWg6UZs6c8ECe2SLtJLGUBim5,,,,,,71528.49990000,499.94128284521735849921242333948612213134765625
1710217260,CLOSE,main,,,,,,,,,buy_0,SELL,,,9og43EG43sRZHUqB8yddWg6UZs6c8ECe2SLtJLGUBim5,,72015.90000000,CloseType.TIME_LIMIT,1.482905067886111094566103929537348449230194091796875,0.005932316929087134461939800900154295959509909152984619140625,,
1710215100,CREATE,main,,,71754.80000000,71775.10000000,71706.50000000,71724.10000000,71740.80000000,71724.10000000,sell_0,SELL,71795.82410000,0.003482096669742105233472239456,,,,,,,,
1710215100,FILL,main,,,,,,,,,sell_0,SELL,,,FgDFpLkkeHpwdfbxfjM754SzqMj2FfxgL16R1fyvZUEA,,,,,,71795.82410000,500.86617781437229268703958950936794281005859375
1710217800,CLOSE,main,,,,,,,,,sell_0,SELL,,,FgDFpLkkeHpwdfbxfjM754SzqMj2FfxgL16R1fyvZUEA,,71890.00000000,CloseType.TIME_LIMIT,-0.1452737694809766166859077429762692190706729888916015625,-0.000580090155477885026369389009914812049828469753265380859375,,
1710217260,CREATE,main,,,71892.50000000,72020.00000000,71888.40000000,72015.90000000,71954.20000000,72015.90000000,buy_0,SELL,71943.88410000,0.003474930539648192558618620327,,,,,,,,
1710217260,FILL,main,,,,,,,,,buy_0,SELL,,,8R6uHc2i6rLFXLdQVPQcj7JyUtauPEnRFZCSFSYLQm1W,,,,,,71943.88410000,499.62551299061715326388366520404815673828125
1710219960,CLOSE,main,,,,,,,,,buy_0,SELL,,,8R6uHc2i6rLFXLdQVPQcj7JyUtauPEnRFZCSFSYLQm1W,,71831.60000000,CloseType.TIME_LIMIT,-0.45274870001079448034175811699242331087589263916015625,-0.001812352204757393912826213266953345737420022487640380859375,,
1710217800,CREATE,main,,,71950.10000000,71992.80000000,71890.00000000,71890.00000000,71941.40000000,71890.00000000,sell_0,SELL,71961.89000000,0.003474061062042700657178418027,,,,,,,,
1710217800,FILL,main,,,,,,,,,sell_0,SELL,,,AsSivMETgUM5mA2AYcTmZpJhenFhdNVF56XbwWxpouvL,,,,,,71961.89000000,500.33427415538972127251327037811279296875
1710220500,CLOSE,main,,,,,,,,,sell_0,SELL,,,AsSivMETgUM5mA2AYcTmZpJhenFhdNVF56XbwWxpouvL,,72010.30000000,CloseType.TIME_LIMIT,-0.251209355396278699590340011127409525215625762939453125,-0.001004166088043211522984332617625113925896584987640380859375,,
1710219960,CREATE,main,,,71707.80000000,71847.20000000,71701.40000000,71831.60000000,71774.30000000,71831.60000000,buy_0,SELL,71759.76840000,0.003483846249425743405086490187,,,,,,,,
1710221940,CLOSE,main,,,,,,,,,buy_0,SELL,,,64TJpnFPacmRmVxY7DJgpo4dURepp3ocxCXJtfa4e8FU,,71864.30000000,CloseType.EARLY_STOP,0,0,,
1710220500,CREATE,main,,,71946.90000000,72024.50000000,71924.10000000,72010.30000000,71974.30000000,72010.30000000,sell_0,SELL,72082.31030000,0.003468257315276422125037656885,,,,,,,,
1710222480,CLOSE,main,,,,,,,,,sell_0,SELL,,,9emzeC1z5FRoTWRF2BqTKeYg5Tm3w4UNLyvWWFMnAJFz,,71972.20000000,CloseType.EARLY_STOP,0,0,,
1710222660,CREATE,main,,,71972.20000000,71988.20000000,71956.00000000,71978.60000000,71972.10000000,71978.60000000,sell_0,SELL,72050.57860000,0.003469784765892219771539748792,,,,,,,,
1710224640,CLOSE,main,,,,,,,,,sell_0,SELL,,,HCEH7kQZViy4VjxnCauxTsxYBR5dxjtGpQPfa2xnYhg4,,71580.00000000,CloseType.EARLY_STOP,0,0,,
1710222120,CREATE,main,,,71871.90000000,71934.30000000,71871.80000000,71916.90000000,71903.05000000,71916.90000000,buy_0,SELL,71844.98310000,0.003479714090154751810910462328,,,,,,,,
1710222120,FILL,main,,,,,,,,,buy_0,SELL,,,5ENnHeh1NFyohb1BwFMhmkw24X2mBbUWVQ71gWustXrv,,,,,,71844.98310000,499.896422134449721852433867752552032470703125
1710224820,CLOSE,main,,,,,,,,,buy_0,SELL,,,5ENnHeh1NFyohb1BwFMhmkw24X2mBbUWVQ71gWustXrv,,71530.20000000,CloseType.TIME_LIMIT,-1.2935144667046125643850018605007790029048919677734375,-0.005175129924641529675921614028766271076165139675140380859375,,
1710224820,CREATE,main,,,71580.10000000,71613.10000000,71530.10000000,71530.20000000,71571.60000000,71530.20000000,buy_0,SELL,71458.66980000,0.003498525800993849596918714343,,,,,,,,
1710226800,CLOSE,main,,,,,,,,,buy_0,SELL,,,wLtPDUnyWRNpmrwQSBN699En2pSh4FAuP6KtdmUz8BH,,72131.50000000,CloseType.EARLY_STOP,0,0,,
1710224820,CREATE,main,,,71580.10000000,71613.10000000,71530.10000000,71530.20000000,71571.60000000,71530.20000000,sell_0,SELL,71601.73020000,0.003491535739453402344831454287,,,,,,,,
1710224820,FILL,main,,,,,,,,,sell_0,SELL,,,BQmqrH2hEG2LnBc58YXk17ShJiSobkWkTx3mGQbsBaWV,,,,,,71601.73020000,500.15551160522096552085713483393192291259765625
1710227520,CLOSE,main,,,,,,,,,sell_0,SELL,,,BQmqrH2hEG2LnBc58YXk17ShJiSobkWkTx3mGQbsBaWV,,72167.80000000,CloseType.TIME_LIMIT,-2.14877489091734741322170521016232669353485107421875,-0.00859242711940122472213943183305673301219940185546875,,
1710226980,CREATE,main,,,72131.60000000,72163.50000000,72043.00000000,72052.00000000,72103.25000000,72052.00000000,buy_0,SELL,71979.94800000,0.003473189505499503834112375016,,,,,,,,
1710228960,CLOSE,main,,,,,,,,,buy_0,SELL,,,Eu8SeasDdgxcaHCjXz6G2yuSBYSRfEWRbzBnKP33ZLTE,,72047.90000000,CloseType.EARLY_STOP,0,0,,
1710227520,CREATE,main,,,72275.90000000,72291.90000000,72148.70000000,72167.80000000,72220.30000000,72167.80000000,sell_0,SELL,72239.96780000,0.003460688142776276125538375493,,,,,,,,
1710227520,FILL,main,,,,,,,,,sell_0,SELL,,,3c9nGSUFsahzv9jN9aaPGm6ovffYZbcQg81vAKRhzGsE,,,,,,72239.96780000,500.10750420074242583723389543592929840087890625
1710230220,CLOSE,main,,,,,,,,,sell_0,SELL,,,3c9nGSUFsahzv9jN9aaPGm6ovffYZbcQg81vAKRhzGsE,,72124.30000000,CloseType.TIME_LIMIT,0.2039885322318510663119894843475776724517345428466796875,0.000815778729646777535366997113897014060057699680328369140625,,
1710229140,CREATE,main,,,72044.00000000,72100.00000000,72044.00000000,72099.90000000,72072.00000000,72099.90000000,buy_0,SELL,72027.80010000,0.003470882071268479851687138431,,,,,,,,
1710229140,FILL,main,,,,,,,,,buy_0,SELL,,,8WmovvX5jEPPD9SymaLUFJmNm8uFC6NeGdN8cLzfR9r6,,,,,,72027.80010000,499.896567020099837463931180536746978759765625
1710231840,CLOSE,main,,,,,,,,,buy_0,SELL,,,8WmovvX5jEPPD9SymaLUFJmNm8uFC6NeGdN8cLzfR9r6,,71518.00000000,CloseType.TIME_LIMIT,-1.9676878205808236987905956993927247822284698486328125,-0.00787237980972854689554196738754399120807647705078125,,
1710230220,CREATE,main,,,72184.20000000,72195.30000000,72124.20000000,72124.30000000,72159.75000000,72124.30000000,sell_0,SELL,72196.42430000,0.003462775371826828685568577287,,,,,,,,
1710232200,CLOSE,main,,,,,,,,,sell_0,SELL,,,HBLJDaY3rRmnSKBV8fkU7LnNuqnAwcq2ZRm2BgKmD4PN,,71761.00000000,CloseType.EARLY_STOP,0,0,,
1710231840,CREATE,main,,,71563.10000000,71679.90000000,71518.00000000,71518.00000000,71598.95000000,71518.00000000,buy_0,SELL,71446.48200000,0.003499122602005792251677407711,,,,,,,,
1710233820,CLOSE,main,,,,,,,,,buy_0,SELL,,,EeKfhxsqCeXq22K9mQsXZgLARnYPtpvtpRhmHQu37CWY,,71676.10000000,CloseType.EARLY_STOP,0,0,,
1710232380,CREATE,main,,,71752.80000000,71802.80000000,71639.40000000,71692.10000000,71721.10000000,71692.10000000,sell_0,SELL,71763.79210000,0.003483650914818365342444137540,,,,,,,,
1710234360,CLOSE,main,,,,,,,,,sell_0,SELL,,,8HncHYDsXxnGgQetY5ZsCgBuYSenhP6auHVpTu5yB9fa,,71740.00000000,CloseType.EARLY_STOP,0,0,,
1710234000,CREATE,main,,,71676.10000000,71747.40000000,71670.80000000,71747.30000000,71709.10000000,71747.30000000,buy_0,SELL,71675.55270000,0.003487939619334110692726060942,,,,,,,,
1710235980,CLOSE,main,,,,,,,,,buy_0,SELL,,,33cKgKUNVZnhDx5D5NDumV863i2o69C93EWWv6H6EQYZ,,71901.70000000,CloseType.EARLY_STOP,0,0,,
1710234540,CREATE,main,,,71740.10000000,71815.70000000,71732.10000000,71815.70000000,71773.90000000,71815.70000000,sell_0,SELL,71887.51570000,0.003477655300306893344573199129,,,,,,,,
1710234540,FILL,main,,,,,,,,,sell_0,SELL,,,73RRZhZZSGDymRjhwsHY5tV8id6VRsM5FXcXHQEcXXHn,,,,,,71887.51570000,500.02006120236529795874957926571369171142578125
1710237240,CLOSE,main,,,,,,,,,sell_0,SELL,,,73RRZhZZSGDymRjhwsHY5tV8id6VRsM5FXcXHQEcXXHn,,71884.40000000,CloseType.TIME_LIMIT,-0.229144098799331452642746853598509915173053741455078125,-0.000916539621423683413536931396947693428955972194671630859375,,
1710236160,CREATE,main,,,71895.40000000,71942.40000000,71886.10000000,71919.20000000,71914.25000000,71919.20000000,buy_0,SELL,71847.28080000,0.003479602807737714829731724796,,,,,,,,
1710238140,CLOSE,main,,,,,,,,,buy_0,SELL,,,G5u1X1HBbFCaeK7AtnwD23uSGN69fKtztXB73s62pTjW,,71854.80000000,CloseType.EARLY_STOP,0,0,,
1710237240,CREATE,main,,,71874.40000000,71902.80000000,71848.70000000,71884.40000000,71875.75000000,71884.40000000,sell_0,SELL,71956.28440000,0.003474331701318363517923619438,,,,,,,,
1710237240,FILL,main,,,,,,,,,sell_0,SELL,,,BBHwJbsPUEHq3KmD9udR1zqYyoS21kJAweQraVxS3xgq,,,,,,71956.28440000,500.02373385471804567714571021497249603271484375
1710239940,CLOSE,main,,,,,,,,,sell_0,SELL,,,BBHwJbsPUEHq3KmD9udR1zqYyoS21kJAweQraVxS3xgq,,71868.50000000,CloseType.TIME_LIMIT,0.06684718423291015343412624361008056439459323883056640625,0.000267376045203216762546905016506570973433554172515869140625,,
1710238320,CREATE,main,,,71854.90000000,71854.90000000,71805.40000000,71805.40000000,71830.15000000,71805.40000000,buy_0,SELL,71733.59460000,0.003485117418052824307663743061,,,,,,,,
1710238320,FILL,main,,,,,,,,,buy_0,SELL,,,2KXEtMvw3AJDcqBKzz9MmMQ5XbQPGk447oAVbG3w8yVc,,,,,,71733.59460000,499.6961354004139366224990226328372955322265625
1710241020,CLOSE,main,,,,,,,,,buy_0,SELL,,,2KXEtMvw3AJDcqBKzz9MmMQ5XbQPGk447oAVbG3w8yVc,,71861.80000000,CloseType.TIME_LIMIT,0.34889510472126794571323671334539540112018585205078125,0.001396429069605243690477269780103597440756857395172119140625,,
1710239940,CREATE,main,,,71872.50000000,71890.90000000,71828.00000000,71868.50000000,71859.45000000,71868.50000000,sell_0,SELL,71940.36850000,0.003475100353426741204346222225,,,,,,,,
1710239940,FILL,main,,,,,,,,,sell_0,SELL,,,4J5Zcx3Vxm49QPbqzgXF2phQUQsYu9GTqcPSCErMWRiP,,,,,,71940.36850000,500.05165041655300228740088641643524169921875
1710242640,CLOSE,main,,,,,,,,,sell_0,SELL,,,4J5Zcx3Vxm49QPbqzgXF2phQUQsYu9GTqcPSCErMWRiP,,72187.90000000,CloseType.TIME_LIMIT,-1.084397420066085526713095532613806426525115966796875,-0.004337141649918606865765635660636689863167703151702880859375,,
1710241020,CREATE,main,,,71848.00000000,71887.70000000,71847.90000000,71861.80000000,71867.80000000,71861.80000000,buy_0,SELL,71789.93820000,0.003482382159231333477875572973,,,,,,,,
1710243000,CLOSE,main,,,,,,,,,buy_0,SELL,,,Br1fSKgLwUxsWLc9bVnMXsbjvKQCimqakK2jmx2kkd3g,,72183.80000000,CloseType.EARLY_STOP,0,0,,
1710242640,CREATE,main,,,72312.10000000,72372.10000000,72173.90000000,72187.90000000,72273.00000000,72187.90000000,sell_0,SELL,72260.08790000,0.003459724548715917354332288522,,,,,,,,
1710244620,CLOSE,main,,,,,,,,,sell_0,SELL,,,8yhXZfA2NqSDFU4Tuut9zw1Ztz3pF72LctiPVgikS4SJ,,72021.50000000,CloseType.EARLY_STOP,0,0,,
1710243180,CREATE,main,,,72183.70000000,72263.80000000,72176.90000000,72199.90000000,72220.35000000,72199.90000000,buy_0,SELL,72127.70010000,0.003466074748721954884018886620,,,,,,,,
1710243180,FILL,main,,,,,,,,,buy_0,SELL,,,3L4oMyjJyZiakDMu4Zxf5kmavYAcsKAP2ThHQHwJCwjT,,,,,,72127.70010000,499.589616056536442556534893810749053955078125
1710245880,CLOSE,main,,,,,,,,,buy_0,SELL,,,3L4oMyjJyZiakDMu4Zxf5kmavYAcsKAP2ThHQHwJCwjT,,71880.00000000,CloseType.TIME_LIMIT,-0.90314989816247059906118010985665023326873779296875,-0.003615567134046536977576291604918878874741494655609130859375,,
1710244800,CREATE,main,,,72021.40000000,72117.20000000,72021.40000000,72117.10000000,72069.30000000,72117.10000000,sell_0,SELL,72189.21710000,0.003463121087096537854219577298,,,,,,,,
1710244800,FILL,main,,,,,,,,,sell_0,SELL,,,ADHTdSvt1iFR2pUQ3XrLPpeSMQjuFMG82P7yMDTJjWoa,,,,,,72189.21710000,500.411992970623259679996408522129058837890625
1710247500,CLOSE,main,,,,,,,,,sell_0,SELL,,,ADHTdSvt1iFR2pUQ3XrLPpeSMQjuFMG82P7yMDTJjWoa,,72040.90000000,CloseType.TIME_LIMIT,0.469430565413384848216793443498318083584308624267578125,0.001876176318743595118621048101203996338881552219390869140625,,
1710245880,CREATE,main,,,71849.90000000,71926.00000000,71844.30000000,71880.00000000,71885.15000000,71880.00000000,buy_0,SELL,71808.12000000,0.003481500420843770871667568790,,,,,,,,
1710245880,FILL,main,,,,,,,,,buy_0,SELL,,,AEfBeAeK99sMiRmDdeDeCxKktBU86Z5h6GSa9hNrvn82,,,,,,71808.12000000,499.85990442306530212590587325394153594970703125
1710248580,CLOSE,main,,,,,,,,,buy_0,SELL,,,AEfBeAeK99sMiRmDdeDeCxKktBU86Z5h6GSa9hNrvn82,,71991.50000000,CloseType.TIME_LIMIT,0.458555383430216012552449456052272580564022064208984375,0.001834735610408589658038014391649994649924337863922119140625,,
1710247500,CREATE,main,,,72075.40000000,72178.60000000,72040.90000000,72040.90000000,72109.75000000,72040.90000000,sell_0,SELL,72112.94090000,0.003466784142761261594787073124,,,,,,,,
1710247500,FILL,main,,,,,,,,,sell_0,SELL,,,wWhdKR3ujJkwzeNWbxrbz5ZBPbz7KrscCHxUCsP9tmJ,,,,,,72112.94090000,500.00318320119987447469611652195453643798828125
1710250200,CLOSE,main,,,,,,,,,sell_0,SELL,,,wWhdKR3ujJkwzeNWbxrbz5ZBPbz7KrscCHxUCsP9tmJ,,72273.10000000,CloseType.TIME_LIMIT,-0.80364701919966063936584532712004147469997406005859375,-0.003214567611567686021556422559797283611260354518890380859375,,
1710248580,CREATE,main,,,72124.40000000,72124.40000000,71988.40000000,71991.50000000,72056.40000000,71991.50000000,buy_0,SELL,71919.50850000,0.003476108294038188539695170189,,,,,,,,
1710250560,CLOSE,main,,,,,,,,,buy_0,SELL,,,A1VbATGYPyX8u7B5rwvAN2v5okvRrx48udZqLddnpB2q,,71963.10000000,CloseType.EARLY_STOP,0,0,,
1710250740,CREATE,main,,,71963.00000000,71963.00000000,71800.10000000,71800.10000000,71881.55000000,71800.10000000,buy_0,SELL,71728.29990000,0.003485374675665496704989465431,,,,,,,,
1710252720,CLOSE,main,,,,,,,,,buy_0,SELL,,,G64wEweJgPbufxvnqzFavPNceAywtx4y5NYbxdXC8Vjc,,71759.40000000,CloseType.EARLY_STOP,0,0,,
1710250200,CREATE,main,,,72280.10000000,72331.90000000,72196.10000000,72273.10000000,72264.00000000,72273.10000000,sell_0,SELL,72345.37310000,0.003455646011451698213167130576,,,,,,,,
1710250200,FILL,main,,,,,,,,,sell_0,SELL,,,67QtGm4ussbEq5PQtraiDmECJdvjvf9j3W94oMRBXayV,,,,,,72345.37310000,500.020228660621796734631061553955078125
1710252900,CLOSE,main,,,,,,,,,sell_0,SELL,,,67QtGm4ussbEq5PQtraiDmECJdvjvf9j3W94oMRBXayV,,71864.20000000,CloseType.TIME_LIMIT,1.4228681198134645047304047693614847958087921142578125,0.005691242226838811625599934274077895679511129856109619140625,,
1710252900,CREATE,main,,,71767.90000000,72022.30000000,71759.30000000,71864.20000000,71890.80000000,71864.20000000,buy_0,SELL,71792.33580000,0.003482265860473646967338290352,,,,,,,,
1710252900,FILL,main,,,,,,,,,buy_0,SELL,,,BSVVQs65hG2UoXBDW1r1UkKj5LtaLrEL1aYGXikBxdEk,,,,,,71792.33580000,499.8430487060430778001318685710430145263671875
1710255600,CLOSE,main,,,,,,,,,buy_0,SELL,,,BSVVQs65hG2UoXBDW1r1UkKj5LtaLrEL1aYGXikBxdEk,,71568.00000000,CloseType.TIME_LIMIT,-0.95264277499666605297790056283702142536640167236328125,-0.003811767623708272288707288311115917167626321315765380859375,,
1710252900,CREATE,main,,,71767.90000000,72022.30000000,71759.30000000,71864.20000000,71890.80000000,71864.20000000,sell_0,SELL,71936.06420000,0.003475308286326846473752366088,,,,,,,,
1710252900,FILL,main,,,,,,,,,sell_0,SELL,,,H4SsaCQdoP4bcVLhiYE7kVcQMPQchHkgRfgTx5GXZ5HX,,,,,,71936.06420000,500.7265882639156870936858467757701873779296875
1710255600,CLOSE,main,,,,,,,,,sell_0,SELL,,,H4SsaCQdoP4bcVLhiYE7kVcQMPQchHkgRfgTx5GXZ5HX,,71568.00000000,CloseType.TIME_LIMIT,1.3920674019861640768880306495702825486660003662109375,0.005560189670824723130737599063877496519125998020172119140625,,
1710255600,CREATE,main,,,71666.00000000,71682.80000000,70989.60000000,71568.00000000,71336.20000000,71568.00000000,buy_0,SELL,71496.43200000,0.003496677988070789322818366374,,,,,,,,
1710255600,FILL,main,,,,,,,,,buy_0,SELL,,,9tLXJdtdJEfe5hz2odQN2Kd1Dty4EdZq9N6LKF5ZNCDZ,,,,,,71496.43200000,499.213723000890468028956092894077301025390625
1710258300,CLOSE,main,,,,,,,,,buy_0,SELL,,,9tLXJdtdJEfe5hz2odQN2Kd1Dty4EdZq9N6LKF5ZNCDZ,,71841.50000000,CloseType.TIME_LIMIT,1.3501233180418970025726821404532529413700103759765625,0.005408999215510302584208890408490333356894552707672119140625,,
1710255600,CREATE,main,,,71666.00000000,71682.80000000,70989.60000000,71568.00000000,71336.20000000,71568.00000000,sell_0,SELL,71639.56800000,0.003489691618464254279071043930,,,,,,,,
1710255600,FILL,main,,,,,,,,,sell_0,SELL,,,2utUP5ToWgeEAnJisthJYaQiLaTWSbJSUF7btxoLeL9u,,,,,,71639.56800000,500.1670305996261731706908904016017913818359375
1710258300,CLOSE,main,,,,,,,,,sell_0,SELL,,,2utUP5ToWgeEAnJisthJYaQiLaTWSbJSUF7btxoLeL9u,,71841.50000000,CloseType.TIME_LIMIT,-0.87124862338644526449371596754644997417926788330078125,-0.003483830680890530849536101953844990930519998073577880859375,,
1710258300,CREATE,main,,,71899.80000000,71921.50000000,71825.30000000,71841.50000000,71873.40000000,71841.50000000,sell_0,SELL,71913.34150000,0.003476406391156222381834405907,,,,,,,,
1710260280,CLOSE,main,,,,,,,,,sell_0,SELL,,,52RqJiqsQWB6xMcDV6LBVeWuFwFnXwk9uSz2SoF9xzYh,,70896.60000000,CloseType.EARLY_STOP,0,0,,
1710258300,CREATE,main,,,71899.80000000,71921.50000000,71825.30000000,71841.50000000,71873.40000000,71841.50000000,buy_0,SELL,71769.65850000,0.003483366163711089694055174859,,,,,,,,
1710258300,FILL,main,,,,,,,,,buy_0,SELL,,,CRJ6KSkBNZhNBfe21iUUeeJ6ymQxGPA1hPWcBSJQTFq9,,,,,,71769.65850000,499.84702100818827830153168179094791412353515625
1710261000,CLOSE,main,,,,,,,,,buy_0,SELL,,,CRJ6KSkBNZhNBfe21iUUeeJ6ymQxGPA1hPWcBSJQTFq9,,70569.80000000,CloseType.TIME_LIMIT,-4.3529805147393592079652080428786575794219970703125,-0.01741725100595548081372498927521519362926483154296875,,
1710260460,CREATE,main,,,70896.70000000,71073.20000000,70788.70000000,70848.20000000,70930.95000000,70848.20000000,sell_0,SELL,70919.04820000,0.003525146012887409426126304711,,,,,,,,
1710262440,CLOSE,main,,,,,,,,,sell_0,SELL,,,E8HVoJ3cyt4YP5rGNKeqUooQgtX7QzuyPkquWtA5375t,,70603.90000000,CloseType.EARLY_STOP,0,0,,
1710261000,CREATE,main,,,70613.50000000,70741.70000000,70126.60000000,70569.80000000,70434.15000000,70569.80000000,buy_0,SELL,70499.23020000,0.003546138011589238455186849022,,,,,,,,
1710261000,FILL,main,,,,,,,,,buy_0,SELL,,,5Y1fQZzkRGTTt7nKAM3n1sJRohLg6fFeFJXgdrF19U7m,,,,,,70499.23020000,499.5522631962015793760656379163265228271484375
1710263700,CLOSE,main,,,,,,,,,buy_0,SELL,,,5Y1fQZzkRGTTt7nKAM3n1sJRohLg6fFeFJXgdrF19U7m,,69586.20000000,CloseType.TIME_LIMIT,-3.2636388276477834580191483837552368640899658203125,-0.01306625579780817947295190606382675468921661376953125,,
1710262620,CREATE,main,,,70604.10000000,70617.80000000,70481.20000000,70501.50000000,70549.50000000,70501.50000000,sell_0,SELL,70572.00150000,0.003542481362102221232804358375,,,,,,,,
1710264600,CLOSE,main,,,,,,,,,sell_0,SELL,,,FHbzefLgQBvPdUCyXUiD4FbVrMcLSkjeZejap3Aew9d8,,69404.20000000,CloseType.EARLY_STOP,0,0,,
1710263700,CREATE,main,,,69837.30000000,69935.90000000,69586.00000000,69586.20000000,69760.95000000,69586.20000000,buy_0,SELL,69516.61380000,0.003596262624633192511187083289,,,,,,,,
1710263700,FILL,main,,,,,,,,,buy_0,SELL,,,6pwAmbXtJueshAZLUMi1o2j5RTKJsU5xKjfXCcgQKCoi,,,,,,69516.61380000,498.643390481139931580401025712490081787109375
1710266220,CLOSE,main,,,,,,,,,buy_0,SELL,,,6pwAmbXtJueshAZLUMi1o2j5RTKJsU5xKjfXCcgQKCoi,,71101.40000000,CloseType.TAKE_PROFIT,6.12829044328397198881930307834409177303314208984375,0.02457985229633063983811780417454428970813751220703125,,
1710264780,CREATE,main,,,69404.20000000,69883.50000000,69397.60000000,69767.10000000,69640.55000000,69767.10000000,sell_0,SELL,69836.86710000,0.003579771120632070551987199099,,,,,,,,
1710264780,FILL,main,,,,,,,,,sell_0,SELL,,,3qmKe5RegusYShwhbgumsYrs7i58A3kBSKuVuSrjqxwf,,,,,,69836.86710000,501.885343021064500135253183543682098388671875
1710267480,CLOSE,main,,,,,,,,,sell_0,SELL,,,3qmKe5RegusYShwhbgumsYrs7i58A3kBSKuVuSrjqxwf,,70980.80000000,CloseType.TIME_LIMIT,-3.403289120339038742457660191575996577739715576171875,-0.01356201836799286741808145961840637028217315673828125,,
1710266220,CREATE,main,,,70644.90000000,71129.10000000,70611.90000000,71101.40000000,70870.50000000,71101.40000000,buy_0,SELL,71030.29860000,0.003519624792904925511204807408,,,,,,,,
1710266220,FILL,main,,,,,,,,,buy_0,SELL,,,2rhbb3jRHSZNkAdHASp8G3eKceKWWFkgCnVhQH81dTGW,,,,,,71030.29860000,499.20035110200143435577047057449817657470703125
1710268920,CLOSE,main,,,,,,,,,buy_0,SELL,,,2rhbb3jRHSZNkAdHASp8G3eKceKWWFkgCnVhQH81dTGW,,71142.80000000,CloseType.TIME_LIMIT,0.54618699012467664122283395045087672770023345947265625,0.002188247620094619684538717052646461525000631809234619140625,,
1710267480,CREATE,main,,,70758.90000000,71032.00000000,70697.00000000,70980.80000000,70864.50000000,70980.80000000,sell_0,SELL,71051.78080000,0.003518560649503101402128423637,,,,,,,,
1710267480,FILL,main,,,,,,,,,sell_0,SELL,,,Agjtwb65ZzMDcdycsBUQqMdUJYkGVWuxGhiGMATYcTHi,,,,,,71051.78080000,500.79532981951666670283884741365909576416015625
1710270180,CLOSE,main,,,,,,,,,sell_0,SELL,,,Agjtwb65ZzMDcdycsBUQqMdUJYkGVWuxGhiGMATYcTHi,,71439.90000000,CloseType.TIME_LIMIT,-1.2183536995880424047555834476952441036701202392578125,-0.004865675165250159771301863287362721166573464870452880859375,,
1710268920,CREATE,main,,,71139.90000000,71240.00000000,71112.20000000,71142.80000000,71176.10000000,71142.80000000,buy_0,SELL,71071.65720000,0.003517576624061046796274106110,,,,,,,,
1710270900,CLOSE,main,,,,,,,,,buy_0,SELL,,,Efcj3XG9vDKmhEkYXnz3jGNXVW6Ya5DAmf4HZEN2A86e,,71407.20000000,CloseType.EARLY_STOP,0,0,,
1710270180,CREATE,main,,,71243.10000000,71520.50000000,71216.30000000,71439.90000000,71368.40000000,71439.90000000,sell_0,SELL,71511.33990000,0.003495949038985913622410698996,,,,,,,,
1710270180,FILL,main,,,,,,,,,sell_0,SELL,,,AS4RH2S9GhD9fMwLn9Egik6cXBu1fekHaDZhgXe5jfko,,,,,,71511.33990000,500.662552961058509026770479977130889892578125
1710272880,CLOSE,main,,,,,,,,,sell_0,SELL,,,AS4RH2S9GhD9fMwLn9Egik6cXBu1fekHaDZhgXe5jfko,,71440.70000000,CloseType.TIME_LIMIT,0.3278986945677775377561147251981310546398162841796875,0.001309859076252029887188488288529697456397116184234619140625,,
1710271080,CREATE,main,,,71415.60000000,71479.90000000,71346.20000000,71455.20000000,71413.05000000,71455.20000000,buy_0,SELL,71383.74480000,0.003502197884132299125160970639,,,,,,,,
1710271080,FILL,main,,,,,,,,,buy_0,SELL,,,GQ8gC49ck5fPaSmpWjVPyGUXKw7Mygd4jebm5WxG8XC9,,,,,,71383.74480000,499.9464527952308117164648137986660003662109375
1710273780,CLOSE,main,,,,,,,,,buy_0,SELL,,,GQ8gC49ck5fPaSmpWjVPyGUXKw7Mygd4jebm5WxG8XC9,,71116.10000000,CloseType.TIME_LIMIT,-1.1605446762720543762981151303392834961414337158203125,-0.004642675909723447368049331629435982904396951198577880859375,,
1710272880,CREATE,main,,,71480.60000000,71539.70000000,71395.30000000,71440.70000000,71467.50000000,71440.70000000,sell_0,SELL,71512.14070000,0.003495909891004004165958527114,,,,,,,,
1710274860,CLOSE,main,,,,,,,,,sell_0,SELL,,,5VA8TfjzvFH12vvYenUFHniapBpg8LBkSkMpYTjyQqgk,,71165.40000000,CloseType.EARLY_STOP,0,0,,
1710273780,CREATE,main,,,71184.40000000,71199.60000000,71088.10000000,71116.10000000,71143.85000000,71116.10000000,buy_0,SELL,71044.98390000,0.003518897271507439662366003306,,,,,,,,
1710273780,FILL,main,,,,,,,,,buy_0,SELL,,,3wjBSGnNunsVNQKQf7V1TxpgXrbBdreC4xzuEWRR4Gr5,,,,,,71044.98390000,499.79883238456187655174289830029010772705078125
1710276480,CLOSE,main,,,,,,,,,buy_0,SELL,,,3wjBSGnNunsVNQKQf7V1TxpgXrbBdreC4xzuEWRR4Gr5,,70827.10000000,CloseType.TIME_LIMIT,-0.9160266696886123494181219939491711556911468505859375,-0.003665581471322009420032994597704600892029702663421630859375,,
1710275040,CREATE,main,,,71165.50000000,71177.40000000,71016.40000000,71016.40000000,71096.90000000,71016.40000000,sell_0,SELL,71087.41640000,0.003516796820878695212866438698,,,,,,,,
1710277020,CLOSE,main,,,,,,,,,sell_0,SELL,,,D88vgKyHRNCCgV7QFPSo7Rzu6BPWgB13xmj6Y2qG5xM6,,71029.80000000,CloseType.EARLY_STOP,0,0,,
1710276480,CREATE,main,,,70971.90000000,70971.90000000,70794.50000000,70827.10000000,70883.20000000,70827.10000000,buy_0,SELL,70756.27290000,0.003533255635911257550982748794,,,,,,,,
1710276480,FILL,main,,,,,,,,,buy_0,SELL,,,4HuYzXzNa996S1aPrBQ4WchxYbpGWPKkshWhLWzpe6fE,,,,,,70756.27290000,499.159983312235681296442635357379913330078125
1710279180,CLOSE,main,,,,,,,,,buy_0,SELL,,,4HuYzXzNa996S1aPrBQ4WchxYbpGWPKkshWhLWzpe6fE,,70815.50000000,CloseType.TIME_LIMIT,0.379692837099624203034409219981171190738677978515625,0.001521327228918179820527090129189673461951315402984619140625,,
1710277200,CREATE,main,,,71029.90000000,71046.10000000,70874.00000000,70874.00000000,70960.05000000,70874.00000000,sell_0,SELL,70944.87400000,0.003523862767026691738078229986,,,,,,,,
1710279180,CLOSE,main,,,,,,,,,sell_0,SELL,,,Ga4Yc6VdsuNqvYDmtddLaNPskgf6EpELjbXYYXUhWLx8,,70815.50000000,CloseType.EARLY_STOP,0,0,,
1710279180,CREATE,main,,,70727.80000000,70815.50000000,70727.80000000,70815.50000000,70771.65000000,70815.50000000,buy_0,SELL,70744.68450000,0.003533834404194706670933126853,,,,,,,,
1710281160,CLOSE,main,,,,,,,,,buy_0,SELL,,,6Kg3KsgTvkVy1gUgwzuXB3fHcd3cDE8gReqBYTDgdYY6,,70942.30000000,CloseType.EARLY_STOP,0,0,,
1710279360,CREATE,main,,,70812.40000000,71099.90000000,70812.40000000,71046.20000000,70956.15000000,71046.20000000,sell_0,SELL,71117.24620000,0.003515321716717428384283595695,,,,,,,,
1710281340,CLOSE,main,,,,,,,,,sell_0,SELL,,,Hqjzz5cCNnHmQt2fCvdxHLZ1rJtx7XwREihfJ2U7e8nr,,70992.10000000,CloseType.EARLY_STOP,0,0,,
1710281340,CREATE,main,,,70942.40000000,71009.10000000,70907.20000000,70992.10000000,70958.15000000,70992.10000000,buy_0,SELL,70921.10790000,0.003525043635140392096261561254,,,,,,,,
1710281340,FILL,main,,,,,,,,,buy_0,SELL,,,HrFWZZ2yrSHfDU2daTU1JR8BHgs9dhtuPCHLAioUNYDm,,,,,,70921.10790000,499.598794338631478240131400525569915771484375
1710284040,CLOSE,main,,,,,,,,,buy_0,SELL,,,HrFWZZ2yrSHfDU2daTU1JR8BHgs9dhtuPCHLAioUNYDm,,71140.10000000,CloseType.TIME_LIMIT,0.72276014176602776384328308267868123948574066162109375,0.002893362233681196805934465743348482646979391574859619140625,,
1710281520,CREATE,main,,,70995.80000000,71110.80000000,70995.70000000,71060.30000000,71053.25000000,71060.30000000,sell_0,SELL,71131.36030000,0.003514624195932887139734194765,,,,,,,,
1710281520,FILL,main,,,,,,,,,sell_0,SELL,,,EwF8q2Pgof3Kg81Lhuv4ZWx4PEPpcUpPPqBuRVjjrtxp,,,,,,71131.36030000,500.05932474765285178364138118922710418701171875
1710284220,CLOSE,main,,,,,,,,,sell_0,SELL,,,EwF8q2Pgof3Kg81Lhuv4ZWx4PEPpcUpPPqBuRVjjrtxp,,71164.10000000,CloseType.TIME_LIMIT,-0.3354350303350048800865579323726706206798553466796875,-0.001341580943438168936621135429732021293602883815765380859375,,
1710284040,CREATE,main,,,71201.10000000,71201.10000000,71140.10000000,71140.10000000,71170.60000000,71140.10000000,buy_0,SELL,71068.95990000,0.003517710127624929256209887456,,,,,,,,
1710286020,CLOSE,main,,,,,,,,,buy_0,SELL,,,2HxTEM7TXHzBBMc1RV5Sj1rjH8YHyWpq73RX3uZGCQfL,,71448.30000000,CloseType.EARLY_STOP,0,0,,
1710284220,CREATE,main,,,71140.10000000,71179.70000000,71140.00000000,71164.10000000,71159.85000000,71164.10000000,sell_0,SELL,71235.26410000,0.003509497762920485607442388731,,,,,,,,
1710284220,FILL,main,,,,,,,,,sell_0,SELL,,,GNonmxJrV3HuJNpa7jSAFvX4gxXosMwcEYhxhiJ7Fq3W,,,,,,71235.26410000,500.1722173723225068897590972483158111572265625
1710286920,CLOSE,main,,,,,,,,,sell_0,SELL,,,GNonmxJrV3HuJNpa7jSAFvX4gxXosMwcEYhxhiJ7Fq3W,,71406.80000000,CloseType.TIME_LIMIT,-0.76598227983550015718350323368213139474391937255859375,-0.003062874159063143884862423504955586395226418972015380859375,,
1710286200,CREATE,main,,,71449.90000000,71488.00000000,71413.60000000,71488.00000000,71450.80000000,71488.00000000,buy_0,SELL,71416.51200000,0.003500591011781701128237813964,,,,,,,,
1710286200,FILL,main,,,,,,,,,buy_0,SELL,,,5Rbucn2TUdvPbxRca47yCFdvWJnRbTTrqAZWWBQk3ids,,,,,,71416.51200000,499.80528312556060654969769529998302459716796875
1710288000,CLOSE,main,,,,,,,,,buy_0,SELL,,,5Rbucn2TUdvPbxRca47yCFdvWJnRbTTrqAZWWBQk3ids,,71378.30000000,CloseType.TIME_LIMIT,-0.286308788085457177619019830672186799347400665283203125,-0.001145681319313029099260514698244151077233254909515380859375,,
1710286920,CREATE,main,,,71384.80000000,71459.90000000,71373.20000000,71406.80000000,71416.55000000,71406.80000000,sell_0,SELL,71478.20680000,0.003497569555704074962962761754,,,,,,,,
1710286920,FILL,main,,,,,,,,,sell_0,SELL,,,FkWmiXEtbLG1ieyiPK1Bbsg5R418gUbb6X3vhxU3gp8p,,,,,,71478.20680000,500.06850479634584871746483258903026580810546875
1710288000,CLOSE,main,,,,,,,,,sell_0,SELL,,,FkWmiXEtbLG1ieyiPK1Bbsg5R418gUbb6X3vhxU3gp8p,,71378.30000000,CloseType.TIME_LIMIT,0.133649127862590921811403177343891002237796783447265625,0.000534523276633947809488578428727123537100851535797119140625,,
